{"cameraMode":{"drawMode":0,"name":"Shaded","section":"Shading Mode"},"sceneLighting":true,"audioPlay":false,"sceneViewState":{"m_AlwaysRefresh":false,"showFog":true,"showSkybox":true,"showFlares":true,"showImageEffects":true,"showParticleSystems":true,"showVisualEffectGraphs":true,"m_FxEnabled":true},"in2DMode":false,"pivot":{"x":-0.5292481184005737,"y":8.260804176330567,"z":0.03982052206993103},"rotation":{"x":0.2145688235759735,"y":-0.6821929812431336,"z":0.2207070142030716,"w":0.6632184386253357},"size":21.938920974731447,"orthographic":true}